id,url,title,preparation
0,https://kkpolska.pl/przepis/69/zapiekany_filet_z_kurczaka_z_prazona_cebulka.html,Zapiekany filet z kurczaka z prażoną cebulką,"1. Filet z kurczaka dokładnie umyć i osuszyć. Podzielić na mniejsze kawałki (według uznania). 2. Mięso rozbić delikatnie tłuczkiem owiniętym w folie. 3. Rozbite mięso połączyć ze wszystkimi wybranymi przyprawami z obu stron, przykryć folią spożywczą i odstawić na bok. 4. Na duży talerz wlać olej. Stronę, która ma być na wierzchu namoczyć obficie w oleju. 5. Blachę do pieczenia wyłożyć papierem do pieczenia i ułożyć na niej mięso suchą stronę do dołu. 6. Wierzch mięsa posypać obficie cebulką prażoną. 7. Blachę wstawić do nagrzanego do 180 stopni piekarnika i zapiekać przez ok. 30 minut.   UWAGA! Filet znakomieci smakuje z sałatką i frytkami."
1,https://kkpolska.pl/przepis/160/ryz_cytrynowo_-_mietowy_na_mleku_z_truskawkami_.html,Ryż cytrynowo - miętowy na mleku z truskawkami ,"Cytrynę wyszorować, ściąć z niej skórkę. Do garnka wlać mleko, wrzucić skórkę cytrynową i miętę. Gotować na wolnym ogniu do 10 minut, pilnować, by mleko nie wykipiało. Odcedzić na sicie i wlać ponownie do garnka, dodać cukier i zagotować. Ryż przepłukać na sicie i dodać do gotującego się mleka. Gotować na małym ogniu, często mieszać, ryż należy tak długo gotować, aż będzie miękki i kleisty. Truskawki umyć, odszypułkować, można pokroić w części. Do pucharków nakładać warstwę ryżu, truskawki, ryż i truskawki, górę deseru posypać startą gorzką czekoladą. "
2,https://kkpolska.pl/przepis/134/roladki_z_tortilli_z_tunczykiem_i_jalapeno.html,Roladki z tortilli z tuńczykiem i Jalapeno,"Tuńczyka nieco odsączyć z oliwy, włożyć do miski, dodać odsączoną kukurydzę, posiekany szczypiorek, posiekane ostre papryczki, starty ser, majonez i musztardę. Doprawić solą i pieprzem, wymieszać. Rozsmarować na 3 tortillach, zwinąć w roladkę i pokroić na około 2 - 3 cm kawałki. Ułożyć na półmisku i udekorować natką. "
3,https://kkpolska.pl/przepis/136/pikantna_salsa_pomidorowa.html,Pikantna salsa pomidorowa,"1. Do rondelka włożyć pomidory z puszki wraz z całą zalewą, dodać pokrojoną w małą kosteczkę zieloną paprykę, odcedzoną i posiekaną jalapeño, czosnek, szczyptę soli i szczyptę pieprzu, cukier oraz ocet. 2. Zagotować, następnie gotować bez przykrycia przez około 10 minut, co chwilę mieszając. 3. Dodać obraną i drobno posiekaną cebulkę i gotować jeszcze przez 2 minuty. 4. Na koniec dodać mąkę ziemniaczaną (przez sitko), wymieszać i zagotować. 5. Ostudzić przed podaniem. Dodać kolendrę. "
4,https://kkpolska.pl/przepis/139/jajecznica_z_tofu.html,Jajecznica z tofu,"Tofu wyjąć z opakowania i odsączyć z wody jeśli jest wilgotne i bardzo miękkie. Rukolę opłukać, osuszyć i ułożyć na dwóch talerzykach. Awokado obrać, pokroić na kawałki, położyć na rukoli, skropić sokiem z cytryny, doprawić solą, pieprzem i polać oliwą extra vergine. W tosterze zrobić grzanki z chleba i po ostudzeniu posmarować masłem. Tofu pokroić w kosteczkę. Posypać solą, pieprzem i położyć na patelni z rozgrzanym masłem. Smażyć na niedużym ogniu przez około 1 - 2 minuty z każdej strony (jeśli chcemy, możemy je smażyć aż do zrumienienia). Tofu przesunąć na bok patelni, a w wolne miejsce wbić jajka, delikatnie zamieszać, doprawić solą, pieprzem i szczypiorkiem. Gdy jajka się zetną od razu odstawić patelnię z ognia. Zawartość patelni przełożyć na sałatkę z rukoli i awokado. Podawać z grzankami."
5,https://kkpolska.pl/przepis/156/_bezglutenowe_muffinki_z_orzechow_nerkowca_migdalow_i_prazonych_jablek.html," Bezglutenowe Muffinki z orzechów nerkowca, migdałów i prażonych jabłek","Do mąki z orzechów i migdałów dodać cynamon, sól, sodę, wymieszać. W osobnej misce zmiksować mus jabłkowy, jajka oraz cukier waniliowy, dodać mąkę wymieszaną wcześniej z cynamonem, solą i sodą, wymieszać. Ciasto przelać do foremek na Muffinki (do ok ¾ wysokości foremki). Piec w temperaturze 180 stopni C (grzałka góra-dół) przez ok. 25 min"
6,https://kkpolska.pl/przepis/157/smazony_ryz_kleisty_z_kurczakiem_i_olejem_sezamowym.html,Smażony ryż kleisty z kurczakiem i olejem sezamowym,"Ryż przygotować według instrukcji na opakowaniu. Umyć kurczaka, usunąć kości i zbędne żyłki tłuszczu, osuszyć ręcznikiem papierowym, następnie delikatnie naciąć mięso na całej powierzchni (od strony wewnętrznej - nie od strony skóry), w ten sposób mięso na całej powierzchni będzie równej grubości.  * Można wykorzystać mięso z indyka, które już jest bez kości. Należy pamiętać, by mięso nie było zbyt grube.  Imbir umyć, pokroić ze skórą na bardzo cienkie plasterki. Goję wymoczyć w ciepłej wodzie.  Rozgrzać patelnię, smażyć kurczaka do uzyskania złocistego koloru (smażyć obie strony), zdjąć kurczaka z patelni i pokroić na małe kawałki. Na patelnię wlać olej do smażenia (jeśli po smażeniu  kurczaka zostało wystarczająco dużo oleju do smażenia imbiru, to nie trzeba dolewać), rozgrzać, jak olej będzie ciepły, wrzucić imbir do smażenia, w tym czasie zmniejszyć ogień i spokojnie smażyć imbir, aż uzyska złocisty kolor (to jest bardzo ważny krok, ponieważ na tym polega cała sztuka w tym daniu). Włożyć kurczaka na patelnię, dolać olej sezamowy, wymieszać dokładnie, dolać wodę, przykryć pokrywką i dusić kurczaka przez 5 minut. Następnie odkryć pokrywkę, żeby woda trochę wyparowała (jeśli okazało się, że woda całkowicie już wyparowała, trzeba dolać 3 łyżki, żeby się nie przypaliło). Dodać smażoną cebulę, wymieszać dokładnie, wlać sos sojowy, wymieszać i próbować czy potrawa jest wystarczająco słona, jeśli nie - dosolić. Dolać wódkę, wymieszać i dodać jagody goji oraz ryż kleisty ugotowany, staranie wymieszać wszystkie składniki, żeby kawałki kurczaka były równomiernie wymieszane z ryżem. "
7,https://kkpolska.pl/przepis/158/ryz_kleisty_na_mleczku_kokosowym_z_mango.html,Ryż kleisty na mleczku kokosowym z Mango,"Ryż ugotować zgodnie z instrukcją na opakowaniu. Mleczko kokosowe zagotować w rondelku z cukrem, przekrojoną wzdłuż na pół laską wanilii, sokiem wyciśniętym z limonki i skórką startą z limonki. Pod koniec gotowania usunąć laskę wanilii. Ugotowany ryż zalać gorącym, przyprawionym mleczkiem i dokładnie mieszać, aż składniki się połączą. Miskę z ryżem owinąć folią spożywczą i umieścić pod ręcznikiem lub kocem na około godzinę, by ryż wchłonął cały płyn. Gotowy ryż rozłożyć do miseczek i podawać – na ciepło lub na zimno – z pokrojonym w kostkę mango, podprażonym sezamem oraz listkami świeżej mięty. "
8,https://kkpolska.pl/przepis/50/puree_z_mango_z_kruszonym_ciastem.html,Puree z mango z kruszonym ciastem,"1. W misce wymieszać dokładnie masło, mąkę oraz cukier (najlepiej zrobić to dłońmi). 2. Blachę wyłożyć papierem pergaminowym, następnie wyłożyć ciasto na blachę. 3. Piekarnik rozgrzać do temperatury 200  stopni Celcjusza. 4. Ciasto piec w piekarniku przez około 15-20 minut, następnie ostudzić, a puree z mango wymieszać z wanilią. 5. Na dnie pucharka/słoiczka wsypać pokruszone ciasto, następnie dodać puree z mango, przykryć bitą śmietaną. 6. Całość ewentualnie udekorować świeżymi owocami lub kruszonym ciastem, jeśli nie zostało wykorzystane w całości."
9,https://kkpolska.pl/przepis/94/zielona_herbata_z_dodatkiem_napoju_mango_.html,Zielona herbata z dodatkiem napoju Mango ,"Szklankę typu highball (long) napełnić lodem, dodać napój mango oraz zieloną herbatę i wymieszać. Dodać liście mięty oraz plaster świeżego mango do dekoracji. "
10,https://kkpolska.pl/przepis/12/zielona_paste_curry_z_poledwica_wolowa.html,Zieloną pastę curry z polędwicą wołową,"1. Polędwicę wołową pokroić w plastry i obsmażyć na rozgrzanym woku. 2. Dodać zieloną pastę curry i wymieszać z mięsem. 3. Następnie dodać wodę i zagotować. 4. Pokroić bakłażana w plastry, dodać go do woka wraz z mleczkiem kokosowym, całość ponownie zagotować. 5. Gotowe danie udekorować liśćmi bazyli oraz papryką chili. 6. Danie można podawać z ryżem, makaronem ryżowym bądź z makaronem sojowym"
11,https://kkpolska.pl/przepis/129/zupa_z_pora_z_makaronem_udong.html,Zupa z pora z makaronem Udong,"Cytrynę dokładnie wyszorować, ściąć ostrym nożem cienką skórkę i pokroić na cieniutkie paseczki. Z owocu wycisnąć sok. Pory dokładnie umyć pod bieżącą wodą i pokroić na cienkie, ukośne plasterki. Mięso kurczaka pokroić na cienkie paski. Zagotować 2 litry osolonej wody. Włożyć do niej makaron, zamieszać, doprowadzić do wrzenia i gotować 5 minut. Odcedzić, przelać zimną wodą, następnie przetrzeć dłonią. W rondlu rozgrzać masło, wrzucić pory i smażyć cały czas mieszając przez 3-4 minuty, aż się lekko zeszklą. Dodać sos sojowy, cukier i sok z cytryny. Wlać wrzący bulion, wrzucić mięso, zamieszać i gotować na średnim ogniu 10-15 minut, aż mięso i pory będą miękkie. Do ugotowanej zupy dodać makaron. Podawać ze skórką cytrynową. "
12,https://kkpolska.pl/przepis/148/zupa_fasolowa.html,Zupa fasolowa,"Odcedzić fasolę. Do dużego garnka włożyć pokrojone na 2 - 3 kawałki żeberka, wlać 2,5 litra wody, dodać fasolę oraz łyżeczkę soli. Zagotować, zszumować, zmniejszyć ogień i gotować pod przykryciem przez około 1 godzinę i 15 minut. Dodać 1 obraną marchewkę (drugą obrać, zetrzeć na tarce o dużych oczkach i odłożyć na później), obraną pietruszkę, kawałek korzenia selera oraz ziela angielskie i listek laurowy. Gotować przez 15 minut. Odkroić skórkę z boczku, wykroić białe chrząstki, pokroić w kosteczkę. Włożyć na patelnię i co chwilę mieszając podsmażyć na złoty kolor. Dodać pokrojoną w kosteczkę cebulę i mieszając smażyć przez 5 minut. Pod koniec dodać rozgnieciony czosnek. Przełożyć do garnka z wywarem wypłukując patelnię częścią wywaru. Do zupy dodać startą marchewkę, doprawić świeżo zmielonym pieprzem i w razie potrzeby solą. Gotować 10 minut. Ziemniaki obrać i pokroić w kosteczkę, dodać do zupy. Gotować przez 0,5 godziny. Na koniec dodać majeranek i chwilę gotować."
13,https://kkpolska.pl/przepis/150/zupa_fasolowa_z_pesto.html,Zupa fasolowa z pesto,"W garnku zagotować 500 ml bulionu i dodać marchewkę, ugotować ją do miękkości. Na małej patelni na oliwie zeszklić cebulę, dodać mąkę i chwilę razem podsmażyć mieszając. Zdjąć z ognia i dolewać po jednej łyżce bulionu (w sumie około 10 - 15 łyżek), mieszając aż mąka się w nim rozprowadzi. Zawartość patelni wlać do garnka z bulionem i marchewką, następnie dodać  fasolkę wraz z częścią zalewy. Zupę zagotować i doprawić solą oraz pieprzem.  Pesto: Zmiksować wszystkie składniki blenderem lub utrzeć w moździerzu.  Fasolową podawać gorącą, skropioną pesto i z dodatkiem pieczywa. "
14,https://kkpolska.pl/przepis/77/salatka_azjatycka_z_makaronem.html,Sałatka azjatycka z makaronem,"1. Makaron przygotować według sposobu przyrządzania podanego na opakowaniu. 2. Wszystkie składniki wymieszać razem i według gustu przyprawić solą, pieprzem i sokiem z limetki. 3. Gotowe!"
15,https://kkpolska.pl/przepis/41/wolowina_z_czosnkiem_i_pedami_bambusa.html,Wołowina z czosnkiem i pędami bambusa,"1. Mięso opłukać, osuszyć, pokroić na cienkie paseczki. 2. Czosnek obrać. 4 ząbki pokroić w cienkie plasterki, dodać do mięsa, zalać sosem sojowym, odstawić na 2 godziny. 2 pozostałe ząbki czosnku rozetrzeć. 3. Rozgrzać olej na patelni, obsmażyć mięso, zmniejszyć ogień, dodać odsączone pędy bambusa, utarty czosnek, kilka łyżek wody. Dusić kilka minut. 4. Mąkę wymieszać dokładnie ze szklanką wody i dodać do mięsa. 5. Dusić wszystko razem kilka minut, jeśli istnieje taka potrzeba podlać niewielką ilością wody, doprawić sosem sojowym. 6. Posypać uprażonymi nasionami sezamu i posiekanym szczypiorkiem.   Danie podawać z ryżem lub z makaronem szklistym."
16,https://kkpolska.pl/przepis/9/tajwanska_herbata_z_tapioki_-_bubble_tea.html,Tajwańska herbata z tapioki - Bubble Tea,"1. Przed ugotowaniem, perełki tapioki zalej syropem cytrynowym i pozostaw na co najmniej 10 minut. 2. Do wrzącej, posłodzonej wody wrzuć tapiokę. 3. Kiedy kuleczki wypłyną na powierzchnie, gotuj je przez 15 minut (lub do czasu aż staną się przezroczyste). 4. Odstaw na 15 minut do ostygnięcia i odcedź perełki. 5. Zaparz herbatę (na jedną szklankę wody wykorzystaj przynajmniej 2 saszetki herbaty) 6. Zaparzoną herbate wymieszaj z pozostałymi składnikami. 7. Gotowy napój przelej do szklanek z tapioką 8. Schłodź napój i gotowe! UWAGA: Przed podaniem napój można udekorować miętą oraz dodać do niego kilka kostek lodu."
17,https://kkpolska.pl/przepis/17/tacos_z_kaczka_salsa_mango_i_sosem_hoisin.html,"Tacos z kaczką, salsą, mango i sosem Hoisin","KACZKA:  1. Piekarnik nagrzać do temperatury 150 stopni. 2. Udka doprawić solą oraz pieprzem. 3. Mięso włożyć do formy żaroodpornej (skórką do dołu), wlać wino, przykryć pokrywką i wstawić do piekarnika. Piec przez około 1,5 godziny 4. Po upływie tego czasu przewrócić mięso na druga stronę (skórką do góry) i piec kolejne 1,5 godziny. 5. Po upływie tego czasu mięso ostrożnie wyjąć, ostudzić i obrać z kości. 6. Kawałki mięsa poszarpać na włókna na desce do krojenia (najłatwiej to zrobić dwoma widelcami). SALSA MANGO: 1. Mango obrać, pokroić na paseczki, skropić limonką, dodać drobno posiekaną papryczkę chili. 2. Wszystko wymieszać. 3. Do garnka przelać sos hoisin, dodać mięso, wymieszać i delikatnie podgrzać. 4. Umyć i poszatkować sałaę lodową. 5. Taco podgrzać według sposobu przygotowania na opakowaniu. 6. Nadziewać taco nakładając kolejno: sałatę, mięso w sosie hoisin oraz salsę mango"
18,https://kkpolska.pl/przepis/127/salatka_z_truskawkami_krewetkami_i_makaronem_sojowym.html,"Sałatka z truskawkami, krewetkami i makaronem sojowym","1. Składniki sosu wymieszać w miseczce. 2. Makaron przygotować zgodnie z instrukcją na opakowaniu i pokroić nożyczkami na około 7 cm kawałki. 3. Włożyć do salaterki, dodać krewetki, posypać pistacjami i delikatnie wymieszać z truskawkami, miętą i winegretem (najlepiej polać nim sałatkę przed samym podaniem, aby nie został wchłonięty przez makaron). "
19,https://kkpolska.pl/przepis/60/makaron_z_kurczakiem_na_zimno.html,Makaron z kurczakiem na zimno,"1. W miseczce przygotować marynatę z sosu ostrygowego oraz sosu sojowego słodkiego. 1. Udka z kurczaka marynować w przygotowanej marynacie przez 30 minut. 2. Piec na grillu lub smażyć na patelni przez 15-20 minut, do całkowitego usmażenia mięsa, a następnie pokroić w paski lub w kostkę i odstawić. 3. Wymieszać pozostałe składniki z sosem do pierożków Lee Kum Kee. 4. Podawać z udkami z kurczaka."
20,https://kkpolska.pl/przepis/16/makaron_z_kurczakiem_i_warzywami_w_sosie_teriyaki.html,Makaron z kurczakiem i warzywami w sosie Teriyaki,"1. Ugotować makaron zgodnie z instrukcją na opakowaniu 2. Filet z kurczaka pokroić w kostkę, dorprawić solą oraz pieprzem, wymieszać z mąką 3. Rozgrzać patelnię (najlepiej głęboką), wlać olej i gdy będzie gorący włożyć kurczaka. Na większym ogniu smażyć przez około 2-3 minuty, następnie dodać pokrojoną w piórka cebulę i smażyć dalej około 1 minutę, mieszając cały czas. 4. Dodać pokrojonego na małe różyczki brokuła oraz pokrojoną w kostkę paprykę. Smażyć około 2-3 minuty (do momentu aż warzywa nieco zmiękną), dodać kukurydzę. 5. Dodać ugotowany wcześniej makaron i smażyć przez około 1 minutę. 6. Wlać sos teriyaki, wszystko dokładnie wymieszać, chwilę podgrzewać (cały czas mieszając) 7. Gotowe danie posypać sezamem. Danie można modyfikować dodając inne warzywa (np. marchew) lub zmieniając kokurydzę z puszki na mini kolby kukurydzy DIAMOND. Jeśli preferujesz pikantne smaki, można dodać posiekaną papryczkę chili"
21,https://kkpolska.pl/przepis/18/zeberka_w_sosie_hoisin.html,Żeberka w sosie hoisin,"1. Do miseczki dodać sos hoisin oraz sos sojowy jasny, wymieszać. 2. W tak przygotowanej marynacie obtoczyć dokładnie mięso i przełozyć do naczynia żaroodpornego. 3. Piekarnik nagrzać do temperatury 200 stopni, mięso piec przez około 20 minut. 4. Po upływie 20 minut mięso polaać 1 łyżką stołową sosu hoisin i piec przez kolejne 5 minut"
22,https://kkpolska.pl/przepis/75/kurczak_w_sosie_z_czarnej_fasoli_i_czosnku.html,Kurczak w sosie z czarnej fasoli i czosnku,"1. Olej rozgrzać na patelni lub w woku, dodać kurczaka i smażyć na średnik ogniu 5-7 minut (do momentu, aż kurczak zarumieni się na złoty kolor) 2. Dodać paprykę oraz pieczarki i smażyć 3-4 minuty. 3. Dodać sos z czeną fasolą i czosnkiem i gotować ok. 2 minut (cały czas mieszając) 4. Danie serwować z ryżem"
23,https://kkpolska.pl/przepis/73/kurczak_w_sosie_miodowo-sojowym.html,Kurczak w sosie miodowo-sojowym,"1. Olej rozgrzać na patelni lub w woku, dodać kurczaka i smażyć na średnik ogniu ok. 5-7 minut (do momentu, aż kurczak zarumieni się na złoty kolor) 2. Dodać groszek cukrowy oraz kukurydzę baby i smażyć dalej 2-3 minuty. 3. Dodac sos miodowo-sojowy i gotować przez 2 minuty cały czas mieszając. 4. Danie serwować z makaronem."
24,https://kkpolska.pl/przepis/74/kurczak_kung_pao.html,Kurczak Kung Pao,"1. Olej rozgrzać na patelni lub w woku, dodać kurczaka i smażyć na średnim ogniu około 5-7 minut (do momentu, aż kurczak zarumieni się na złoty kolor) 2. Dodać paprykę czerwoną i cebulę, smażyć 3-4 minuty na średnim ogniu, cały czas mieszając. 3. Dodać sos do kurczaka Kung Pao, dodać odrobinę wody i gotować wszystko przez ok. 2 minuty (cały czas mieszając) 4. Danie podawać z ryżem"
25,https://kkpolska.pl/przepis/72/krewetki_w_sosie_pomidorowo-czosnkowym.html,Krewetki w sosie pomidorowo-czosnkowym,"1. Olej rozgrzać na patelni lub w woku, dodać krewetek i szparagi, całość smażyć na średnim ogniu do momentu, aż krewetki zarumienią się na różowy kolor. 2. Dodać całą saszetkę sosu pomidorowo-czosnkowego Lee Kum Kee i gotować około 1 minutę, cały czas mieszając. 3. Danie serwować z ryżem lub makaronem"
26,https://kkpolska.pl/przepis/83/grillowany_leszcz_morski_z_ziolami.html,Grillowany leszcz morski z ziołami,"1. Ostrym nożem naciąć rybę z każdej strony. Posypać odrobiną soli i świeżo zmielonym czarnym pieprzem. 2. Łyżkę posiekanych ziół umieścić we wnętrzu ryby. Posmarować olejem. 3. Grillować rybę na średnim ogniu. Kilka razy lekko przesmarować sosem Teriyaki w trakcie grillowania. Grillować rybę z każdej strony przez 6-8 minut. Następnie odwrócić i grillować kolejne 5 minut. 4. Gdy ryba będzie gotowa, przekroić kilka ugotowanych ziemniaków, lekko posmarować oliwą z oliwek i grillować około 12 minut, aż będa złocistobrązowe. Wyjąć ziemniaki i umieścić je w misce. 5. Dodać do ziemniaków trzy łyżeczki sosu chili czosnkowego Lee Kum Kee i delikatnie wymieszać. Umieścić gotową rybę na półmisku z ziemniakami. Posmarować rybę pozostałym sosem Chili Czosnkowym i posypywać świeżymi ziołami. Podawać na ciepło.   Wskażówka: Podgrzać grill do średniej lub ""skwierczącej"" temperatury. Oczyścić i lekko naoliwić stojak. Ostrożnie położyć rybę na stojaku. Ułatwi to jej obracanie. Rybę piec w całości, dbając o to, by ruszt był średnio nagrzany. Pokrywa grillowa powinna być nałożona przez większą część czasu, ponieważ utrzymuje ciepło i przyspiesza proces grillowania."
27,https://kkpolska.pl/przepis/84/grillowane_tofu_chili_czosnkowe.html,Grillowane tofu chili czosnkowe,"1. Pokroić tofu na centymetrowe plastry. Położyć tofu na papierowym ręczniku i przykryć kolejnym ręcznikiem papierowym. Obciążyć deską. Pozostawić na godzinę. 2. W płytkim naczyniu wymieszać składniki marynaty, dodać tofu, obrócić, a następnie marynować przez minimum 30 minut. 3. Rozpalić grill. Wyjąć tofu z marynaty i nasmarować z obu stron odrobiną oleju. Umieścić tofu na najgorętszej części grilla. Grillować po drugiej stronie przez dwie minuty lub do lekkiego zwęglenia. 4. Wymieszać składniki glazury, a następnie nasmarować nią plastry grillowanego tofu tuż przed podaniem. Ułożyć na miękkich bułkach plasterki ogórka i liści mięty, dodając tofu i posypując liśćmi sałaty."
28,https://kkpolska.pl/przepis/46/fasola_szparagowa_po_syczuansku.html,Fasola szparagowa po syczuańsku,"1. Usunąć końce fasolki i dobrze ją wypłukać.  2. W woku rozgrzać olej, wrzucić fasolkę, smażyć kilka minut mieszając, aż fasolka zmięknie i pojawią się delikatne znaki przypalenia.  3. Fasolkę wyjąć z woka, dolać oleju i wrzucić mieloną wieprzowinę.  4. Smażyć na dużym ogniu i dodać wino ryżowe, sos sojowy i pokrojone chili.  5. Dodać posiekaną chińską kapustę. 6. Wrzucić do podsmażonej wieprzowiny fasolkę, zamieszać."
29,https://kkpolska.pl/przepis/67/nasi_uduk_-_ryz_gotowany_w_mleku_kokosowym.html,Nasi Uduk - Ryż gotowany w mleku kokosowym,1. Do garnka wsypać szklankę białego ryżu i przepłukać go wodą. 2. Odcedzić ryż i wsypać z powrotem do garnka. 3. Do garnka wlać 300ml mleczka kokosowego oraz pół szklanki wody. 4. Ryż gotować na dużym ogniu aż do momentu zagotowania. 5. Zmniejszyć ogień i gotować pod przykryciem aż do momentu wyparowania wody i mleczka kokosowego.
30,https://kkpolska.pl/przepis/120/makaron_z_krewetkami_szparagami_i_pomidorkami.html,"Makaron z krewetkami, szparagami i pomidorkami","Makaron ugotować według instrukcji na opakowaniu. Krewetki oczyścić z pancerzy i jelit (jeśli jest taka potrzeba). Umyć szparagi, odłamać twarde końce, łodyżki pokroić na ukośne plasterki, główki pozostawić w całości. Na dużej patelni na oliwie podsmażyć obrany i pokrojony na plasterki czosnek, dodać szparagi (łodyżki i główki) i smażyć przez około 2 minuty co chwilę mieszając. Dodać masło, krewetki i pokrojone na połówki pomidorki. Doprawić solą, pieprzem i suszonym oregano. Smażyć, co chwilę mieszając, przez 2 minuty. Wlać wino i gotować przez kilkanaście sekund na dużym ogniu. Dodać makaron, zioła i wymieszać. Chwilę wszystko razem podgrzewać. Podawać z tartym parmezanem. "
31,https://kkpolska.pl/przepis/79/makaron_smazony_z_czarnym_sezamem.html,Makaron smażony z czarnym sezamem,"1. Makaron przygotować według sposobu podanego na opakowaniu, a następnie zachartować makaron pod zimną wodą i wymieszać z olejem sezamowym. 2. Rozgrzać olej arachidowy w woku (albo na patelni), dodać czosnek oraz imbir, smażyć do uzyskania złotego koloru. 3. Dodać krewetki i cebulę, a następnie wszystko razem usmażyć. 4. Dodać makaron i smażyć przez 2-3 minuty stale mieszając. 5. Doprawić solą i pieprzem według uznania. 6. Przed podaniem posypać czarnym sezamem i kolendrą 7. Gotowe!"
32,https://kkpolska.pl/przepis/122/makaron_chilli_z_truskawkami.html,Makaron chilli z truskawkami,"Truskawki zmiksować i przetrzeć przez sito. Odmierzyć niecałe 0,5 szklanki musu. Makaron ugotować według instrukcji podanej na opakowaniu. Na patelni roztopić 1 łyżkę masła, dodać papryczkę i chwilę smażyć, dodać resztę masła, śmietankę i sos Worcester. Doprawić solą, pieprzem, wymieszać z grubo posiekanymi ziołami. Dodać mus z truskawek oraz makaron. Wymieszać z parmezanem i jeszcze raz posypać świeżo zmielonym czarnym pieprzem. "
33,https://kkpolska.pl/przepis/121/czarny_makaron_z_kurkami_i_pomidorem.html,Czarny makaron z kurkami i pomidorem,"Makaron ugotować według instrukcji na opakowaniu, zachować kilka łyżek wody po ugotowaniu makaronu. W kilku łyżkach wody po ugotowanym makaronie sparzyć pomidora, obrać ze skórki i pokroić w kosteczkę pozbywając się szypułek. Kurki umyć, osuszyć. Czosnek zetrzeć na małych oczkach tarki, włożyć na patelnię razem z 1 łyżką masła, 1 łyżką oliwy oraz cebulą. Chwilę podsmażyć, zeszklić cebulę, dodać pozostałą łyżkę masła i oliwy oraz kurki (nie solić) i smażyć przez około 2-3 minuty. Pod koniec dodać natkę pietruszki. Następnie dodać pomidory i smażyć przez 1-2 minuty, teraz doprawić wszystko solą i pieprzem. Dodać makaron oraz 2-3 łyżki wody z makaronu, wymieszać. "
34,https://kkpolska.pl/przepis/125/czarny_makaron_z_dorszem_i_rukola_w_kremowym_sosie_cytrynowym.html,Czarny makaron z dorszem i rukolą w kremowym sosie cytrynowym,"Filety z dorsza opłukać i osuszyć. Doprawić solą, pieprzem, posmarować roztopionym masłem i ugotować na parze (około 7 minut - najpierw około 4 minuty na stronie ze skórką, później około 3 minut od strony mięsa). Makaron przygotować według instrukcji na opakowaniu, przełożyć do garnka i polać kilkoma łyżkami wody pozostałej po przygotowywaniu makaronu.  W miseczce wymieszać śmietankę ze skórką cytrynową, doprawić solą i pieprzem, wlać do makaronu, wymieszać i podgrzać na większym ogniu, co chwilę mieszać. Gdy sos zacznie gęstnieć dodać kawałki ryby i rukolę, wymieszać, wyłożyć do talerzy, podawać z cząstkami cytryny. "
35,https://kkpolska.pl/przepis/154/salatka_z_kuskusem_i_grillowanym_baklazanem.html,Sałatka z kuskusem i grillowanym bakłażanem,"Bakłażana pokroić na 1 cm plastry, posypać obficie solą i odstawić na 15 minut, aż puści sok. Opłukać pod bieżącą wodą i osuszyć papierowym ręcznikiem. Ułożyć na mocno rozgrzanej patelni grillowej (ewentualnie na grillu ogrodowym lub też zwykłej patelni), doprawić solą i skropić oliwą z oliwek, grillować przez około 5 - 7 minut z każdej strony, aż zmiękną i zbrązowieją. W międzyczasie wrzącym bulionem zalać kuskus, przykryć i odstawić na 10 minut. Bakłażany pokroić na mniejsze kawałki, skropić sokiem z cytryny. Kaszę wymieszać z 1 łyżką oliwy z oliwek i miętą, następnie dodać bakłażany, serek kozi i pomidorki. Skropić oliwą z oliwek, doprawić świeżo zmielonym czarnym pieprzem i wymieszać. Sałatkę podawać na ciepło lub też ostudzoną do temperatury pokojowej. "
36,https://kkpolska.pl/przepis/155/papryki_zapiekane_z_kuskusem_pomidorkami_orzeszkami_pinii_i_serem_feta.html,"Papryki zapiekane z kuskusem, pomidorkami, orzeszkami pinii i serem feta","Piekarnik nagrzać do 190 stopni C. Papryki przekroić w poprzek na połówki, oczyścić z gniazd nasiennych, oprószyć solą oraz pieprzem, wysmarować oliwą z oliwek. Ułożyć na blaszce do pieczenia (w razie konieczności przyciąć spód papryki) i wstawić do piekarnika na około 15 minut, aż papryka zmięknie a jej skórka lekko się pomarszczy. Można też skorzystać z funkcji grilla w piekarniku, wówczas czas pieczenia trzeba skrócić. Po podpieczeniu papryk nie wyłączać piekarnika. Kuskus wsypać do miseczki, zalać wrzącym bulionem 1/2 cm ponad poziom kaszy. Odstawić na kilka minut, aż wchłonie cały płyn, następnie wymieszać widelcem z posiekanym szczypiorkiem i natką pietruszki, doprawić solą oraz pieprzem. Dodać pomidorki, orzeszki pinii, oliwę, ser feta, doprawić solą oraz pieprzem, delikatnie wymieszać. Kuskusem wypełnić dolną część papryki i przykryć drugą połówką, w odmiennym kolorze. Wstawić do piekarnika (z funkcją grilla) i grillować jeszcze przez około 5 - 10 minut, aż kuskus będzie gorący a ser się roztopi."
37,https://kkpolska.pl/przepis/153/kalmary_faszerowane_chorizo_i_fasola_biala.html,Kalmary faszerowane Chorizo i fasolą białą,"Kalmary sprawić i oczyścić. W szerokim garnku lub na dużej patelni podsmażyć pokrojoną w kostkę lub na plasterki kiełbaskę razem z pokrojonym na cienkie plasterki czosnkiem. Dodać rozmaryn i chwilę razem podsmażyć. Dodać pomidory z puszki . Smażyć przez 10 minut. W połowie gotowania dodać fasolkę z puszki wraz z zalewą. Doprawić solą i świeżo zmielonym pieprzem. Piekarnik nagrzać do 200 stopni C. Kalmary włożyć do naczynia żaroodpornego, do środka kalmarów nałożyć farsz z patelni, resztę wlać do naczynia, dodać odnóża i wstawić do piekarnika. Piec przez 25 minut. "
38,https://kkpolska.pl/przepis/70/szybki_posilek_zupa_krewetkowa_z_mleczkiem_kokosowym_i_lychee.html,Szybki posiłek! Zupa krewetkowa z mleczkiem kokosowym i lychee,1. Makaron z zupki błyskawicznej z krewetkami przełożyć do garnka i zalać wodą. Wsypać przyprawy i pozostałe składniki z kubka. Zupkę zagotować. 2. Do gotującej się zupki wlać 50ml mleczka kokosowego (im więcej tym zupka traci na pikantności) i dalej gotować przez kilka minut. 3. Zupkę przelać z powrotem do kubka i chwilę odstawić. 3. Dodać kilka owoców lychee i wszystko dobrze wymieszać. 4. SMACZNEGO!
39,https://kkpolska.pl/przepis/56/pizza_ramyun.html,Pizza Ramyun,"1. Zagotuj makaron i przepłucz go zimną wodą. 2. Posiekaj cebulę i boczek na małe kawałki i usmaż je na patelni. 3. Nasmaruj patelnie tłuszczem i grilluj na niej cienkie porcje makaronu. 4. Na usmażonym makaronie ułóż sosy, a następnie na wierzch połóż cebulę i boczek oraz ser mozzarella. 5. Całość piecz w piekarniku rozgrzanym do temperatury 180 stopni Celcjusza, do moment, w którym ser się rozpuści. 6. Posyp świeżymi kiełkami oraz kremem balsamicznym."
40,https://kkpolska.pl/przepis/59/neoguri_z_suszonymi_krewetkami.html,Neoguri z suszonymi krewetkami,"1. Suszone krewetki lekko podsmaż na rozgrzanej patelni i przesiej w celu usunięcia resztek skorupek. 2. Utrzyj szpinak i zagotuj w osolonej wodzie. Pokrój zieloną cebulę w pierścienie. 3. Zagoruj wodę i krewetki w garnku. Rozpuść i zagotuj pastę sojową. 4. Zagotuj makaron z zupki. 5. Połącz szpinak, cebulę, krewetki oraz pastę sojową z makaronem, a następnie dodaj sos sojowy i czosnek."
41,https://kkpolska.pl/przepis/47/koreanskie_czekoladowe_mochi.html,Koreańskie czekoladowe Mochi,"1. Czekoladę pokruszyć i wsypać do miski. Śmietanę podgrzać z masłem (nie przegotować!) 2. Gorącą śmietaną zalać czekoladę i mieszać aż się rozpuści. Odstawić do ostygnięcia. 3. Połączyć kakao i mąkę z cukrem, i wodą. Dokładnie wymieszać, aż znikną wszystkie grudki. 4. Przykryć miskę folią spożywczą i zrobić w folii kilka dziurek. 5. Wstawić do mikrofali na 1,5 minuty. Wyciągnąć, ostrożnie odkryć folię i mieszać wszystko intensywnie aż powstanie jednolita błyszcząca masa przypominająca budyń. Zakryć folią z dziurkami. 6. Wstawić na kolejne 1,5 minuty do mikrofali, wyciągnąć i mieszać intensywnie masę przez minimum 2 minuty. 7. Na posypany mąką ryżową lub skrobią kukurydzianą blat wylać gorące ciasto i posypując mączką uformować wałek. Pokroić go na 8 równych kawałków. 8. Każdy kawałek rozpłaszczyć. Na środku powstałego placka ułożyć pełną łyżeczkę zimnej masy czekoladowej. Zamknąć Mochi, łącząc końce placka u góry. Uformować kulkę. 9. Tak powstałe Mochi obtoczyć w kakao i ułożyć w koszulkach na babeczki i od razu podawać.   UWAGA:Jeśli planujesz podawać Mochi później, obtocz je w kakao bezpośrednio przed podaniem, w przeciwnym razie kakao się rozpuści i będzie wyglądać nieestetycznie. Mochi można przechowywać w lodówce, ale nie zapomnij zakryć ich szczelnie folią, bo szybko wysychają i tracą elastyczność!"
42,https://kkpolska.pl/przepis/29/hoddeok_-_koreanskie_placuszki_.html,Hoddeok - koreańskie placuszki ,"1. Mąkę, mleko, drożdże, cukier, sól i olej wymieszać w misce i dokładnie zagnieść. 2. Przykryć ręcznikiem lub folią i odstawić na około 30 minut do wyrośnięcia. 3. Wyrośnięte ciasto zagnieść ponownie i uformować z niego kulki o średnicy około 3-4 cm. 4. W miseczce wymieszać cukier, orzeszki i cynamon. 5. W każdej kulce z ciasta zrobić głęboki dołek i wypełnić go nadzieniem. Dokładnie zakleić (jak pyzę). 6. Na rozgrzanej patelni z odrobiną oleju umieścić kulki łączeniem do dołu i smażyć aż dół się zarumieni. 7. Przewróć kulki na przeciwną stronę i rozgnieć ostrożnie szpatułką, aż utworzą się z nich placuszki. Przykryć pokrywką i smażyć aż się zarumienią."
43,https://kkpolska.pl/przepis/58/chapaguri.html,Chapaguri,"1. Zagotuj wodę w garnku. 2. Kiedy woda zacznie się gotować, umieść w garnku oba makarony (Chapaghetti i Neoguri) oraz obie mieszanki warzyw. 3. Gotuj przez ok. 4,5 minuty, odlej wodę zostawiając ok. 1/2 szklanki. 4. Dodaj bazę do zupy Chapaghetti oraz torebkę z olejem roślinnym. 5. Dodaj połowę torebki z bazą do zupy Neoguri i wszystko dobrze wymieszaj przez około 30 sekund. 6. Przełóż na talerz i ciesz się pysznym daniem!"
44,https://kkpolska.pl/przepis/43/koreanski_omlet.html,Koreański omlet,"1. Do miseczki wbić jaja, dodać sól, cukier a następnie rozmieszać starając się mieszać delikatnie, nie wprowadzając bąbelków powietrza. 2. Patelnię rozgrzać do niewielkiej temperatury, wlać olej i po chwili wlać 1/3 jajek. 3. Na wilgotną powierzchnię jaj wsypać część dymki i marchewki. 4. Rozpocząć rolowanie omletu a puste miejsce na patelni wypełniać następną porcją jajek i posypywać warzywami. 5. Zwijać, dolewać jajka do wyczerpania składników. 6. Gotowy omlet podpiec z każdej strony na złoty kolor, następnie przełożyć na deskę i zawinąć w matę do sushi. 7. Nadać omletowi prostokątny kształt i pozostawić do całkowitego ostygnięcia. 8. W tym czasie wymieszać składniki sosu (jogurt, sos chili ostry) i wlać do małej miseczki. 9. Zimny omlet pokroić na kawałki, podawać z sosem."
45,https://kkpolska.pl/przepis/133/tatar_ze_%C5%9Bledzia_na_ostro.html,Tatar ze śledzia na ostro,"Filety marynowane w occie dokładnie osuszyć papierowym ręcznikiem, filety w oleju po prostu odsączyć i wyjąć na deskę. Śledzie drobniutko posiekać razem z natką pietruszki, dodać świeżo zmielony pieprz, musztardę, sok z cytryny i cukier i wszystko razem wymieszać siekając. Posiekać też marynowane papryczki jalapeño, marynowane podgrzybki i cebulkę, szczypiorek, wszystko wymieszać ze śledziami. Małe filiżanki smarować olejem lnianym, wypełnić tatarem i wykładać na talerzyki. Udekorować listkiem natki lub posiekanym szczypiorkiem, ewentualnie grzybkiem marynowanym. "
46,https://kkpolska.pl/przepis/108/smazone_ziemniaki_w_jogurcie_z_pasta_harissa_.html,Smażone ziemniaki w jogurcie z pastą harissa ,"1. Ziemniaki ugotować w osolonej wodzie al dente. Następnie lekko przestudzić (aby nie rozpadły się na patelni). 2. Na dobrze rozgrzanej oliwie podsmażyć ziemniaki, aby się zarumieniły. Dodać pastę harissa, a po chwili jogurt. 3. Wymieszać i smażyć na dość dużym ogniu, aż jogurt nabierze złotego koloru i obklei smażone ziemniaki. Doprawić do smaku solą i pieprzem (jeśli to konieczne). 4. Smażone ziemniaki przełożyć do salaterki, posypać ziarnami granatu, posiekaną dymką i migdałami. 5. Całość skropić sokiem z limonki. Udekorować listkami mięty"
47,https://kkpolska.pl/przepis/135/salatka_jajeczna_z_soczewica_i_jalapeno.html,Sałatka jajeczna z soczewicą i Jalapeno,"Jajka ugotować na twardo, ostudzić, a następnie obrać. Pokroićna ćwiartki, a następnie posiekać drobno nożem. Cebulę pokroić w drobną kostkę, soczewicę odsączyć, papryczki jalapeno posiekać (użyć taką ilość by uzyskać preferowaną ostrość - sałatka powinna być wyraźnie pikantna). Wszystkie przygotowane składniki sałatki wymieszać. Dodajć majonez oraz musztardę i doprawić do smaku solą i pieprzem."
48,https://kkpolska.pl/przepis/19/pieczony_kurczak_z_pasta_harissa.html,Pieczony kurczak z pastą harissa,"1. Rozgrzać piekarnik do 180 stopni 2. Usunąć gniazdka nasienne z papryk, papryki pokroić na dużą kostkę 3. Obrać cebulę, pokroić na ćwiartki, podzielić na płatki. 4. Paprykę oraz cebulę włożyć do brytfanny. 5. Kurczaka doprawić solą morską, czarnym pieprzem, skropić czerwonym octem winnym i natrzeć pastą harissa. 6. Mięso ułożyć na warzywach, skórą do góry i piec przez około 50 minut (skóra powinna być mocno przyrumieniona i chrupiąca) 7. Przed podaniem mięso obsypać listkami mięty"
49,https://kkpolska.pl/przepis/20/loso%C5%9B_z_pasta_harissa.html,Łosoś z pastą harissa,"1. Rybę myjemy w zimnej wodzie, osuszamy, doprawiamy solą. 2. 1 łyżkę stołową pasty harissa mieszamy z 1 łyżką stołową oliwy z oliwek. 3. Przygotowaną pastą (harissa + oliwa) nacieramy rybę i odstawiamy na 30 minut do lodówki. 4. Rybę smażymy po około 4 minuty z każdej strony (najlepiej smażyć na patelni grillowej lub z powłoką nieprzywierającą)"
50,https://kkpolska.pl/przepis/147/krem_z_ciecierzycy_z_kminem_rzymskim.html,Krem z ciecierzycy z kminem rzymskim,"W garnku na oliwie zeszklić pokrojoną w kosteczkę cebulę. Dodać starty czosnek oraz olej kokosowy /lub masło, smażyć jeszcze przez około 1 - 2 minuty co chwilę mieszając. Dodać obrane i pokrojone w kostkę ziemniaki oraz kmin rzymski. Doprawić solą oraz zmielonym pieprzem, smażyć mieszając przez około 1 minutę. Zwiększyć ogień, dodać ciecierzycę (razem z zalewą), a po chwili wlać bulion. Zagotować na dużym ogniu. Zmniejszyć ogień i gotować przez około 10 minut do miękkości ziemniaków. Odstawić z ognia i po kilku minutach dodać śmietankę i całość zmiksować na krem blenderem. Zupę podawać z płatkami chili, zmielonym kminem oraz listkami kolendry lub natki.    *Jeśli chcemy przygotować zupę w wersji wegańskiej wówczas używamy bulionu jarzynowego, a śmietankę zastępujemy mlekiem kokosowym."
51,https://kkpolska.pl/przepis/26/hummus_-_pasta_z_ciecierzycy.html,Hummus - pasta z ciecierzycy,"1. Sezam wsypać na suchą patelnię i delikatnie (krótko) uprażyć, do momentu aż nabierze lekko złotego koloru.  2. Uprażony sezam zmielić i połączyć z oliwą. 3. Całość dokładnie zmiksować do chwili osiągnięcia konsystencji gładkiej pasty. 4. Powstałą pastę połączyć z ugotowaną i odsączoną ciecierzycą, sokiem z cytryny oraz z czosnkiem. 5. Miksować, stopniowo dodając zimną zalewę. 6. Przed podaniem dodać przyprawy oraz kolendrę.   Sezam z oliwą można zastąpić 2 łyżkami gotowej pasty tahini"
52,https://kkpolska.pl/przepis/35/grzanki_z_pasta_harissa.html,Grzanki z pastą Harissa,"1. Wymieszać masło z pastą Harissa. 2.Ciabattę pokroić na małe kromki. 3. Każdą z kromek posmarować pastą wymieszaną z masłem, posypać serem Mozarella. 4. Wstawić do piekarnika z ustawioną funkcją grillowania na około 5 minut*. 5. Po wyjęciu z piekarnika posypać posiekanym szczypiorkiem.   * Brzegi ciabatty powinny się zarumienić, a ser rozpuścić"
53,https://kkpolska.pl/przepis/144/dorsz_w_sosie_pomidorowym_z_chorizo_i_ciecierzyca.html,Dorsz w sosie pomidorowym z chorizo i ciecierzycą,"Filet z dorsza opłukać pod zimną wodą, pęsetą oczyścić z ości. Ostrym nożem usunąć skórę. Chorizo pokroić w grubszą kostkę. Szalotkę drobno posiekać. Na większej patelni z nieprzywierającym dnem podsmażyć chorizo, gdy wytopi się tłuszcz dodać szalotkę i jeszcze chwilę podsmażyć. Dodać odsączoną ciecierzycę i pasatę pomidorową, następnie sól i pieprz do smaku oraz szczyptę cukru. Wymieszać i zagotować. Na patelnię włożyć oczyszczony filet z dorsza (w 3 kawałkach), patelnię przykryć pokrywką i gotować na małym ogniu przez 8 minut. "
54,https://kkpolska.pl/przepis/149/grzanki_z_krewetkami_i_biala_fasola.html,Grzanki z krewetkami i białą fasolą,"Chleb opiec w tosterze na rumiany kolor. Mrożone krewetki rozmrozić, osuszyć. Na patelni rozgrzać 1 łyżeczkę oliwy o smaku chilli i 1 łyżkę oliwy z oliwek. Włożyć czosnek i krewetki (bez ogonków), smażyć je przez 1 minutę z każdej strony (surowe - szare krewetki smażyć przez 2 minuty z każdej strony), doprawić solą i pieprzem, posypać natką pietruszki, wymieszać i jeszcze podgrzać. Dodać fasolkę wraz z częścią zalewy, połowę rozgnieść widelcem, resztę pozostawić w całości, wymieszać i smażyć razem przez 1 minutę, doprawić solą oraz pieprzem. Krewetki wraz z fasolką ułożyć na grzankach, polać oliwą extra Virgin do smaku, posypać świeżo zmielonym czarnym pieprzem i skropić sokiem z cytryny. Udekorować natką pietruszki i podawać jeszcze ciepłe. "
55,https://kkpolska.pl/przepis/44/falafel_-_pyszne_kotleciki_z_cieciorki.html,Falafel - pyszne kotleciki z cieciorki,"1. Ciecierzycę namoczyć na noc.  2. Cebulę, czosnek i odsączoną ciecierzycę porcjami zmielić na malakserze.  3. Zmielone porcje przełożyć do miski, dodać posiekaną pietruszkę, przyprawy.  4. Składniki wymieszać na jednolitą masę, która lepi się nieco. Jeśli masa jest zbyt sucha dodać kilka łyżek wody.  5. Odstawić na 1-2 godziny. 6. Za pomocą urządzenia do formowania kotlecików falafelowych lub ręcznie formować falafele i wrzucać bezpośrednio na rozgrzany olej.  7. Smażyć po obu stronach.    UWAGA: Podawać z sałatą, ogórkami, pomidorami i sosem tahini z dodatkiem ulubionego pieczywa."
56,https://kkpolska.pl/przepis/141/cytrynowy_kuskus_z_cukinia_feta_i_mieta_.html,"Cytrynowy Kuskus z cukinią, fetą i miętą ","Przyciąć końce cukinii, nie obierać, zetrzeć na tarce o większych oczkach. Na większej patelni rozgrzać 2 łyżki oliwy extra virgin razem ze startym czosnkiem, podsmażyć 1 minutę, włożyć cukinię i smażyć przez około 5 - 7 minut, co jakiś czas mieszając, aż cukinia zmięknie i delikatnie się podsmaży. Doprawić skórką cytrynową, solą, pieprzem i smażyć jeszcze przez 1 minutę. W garnku zagotować bulion razem z sokiem cytrynowym. Odstawić z ognia, wsypać kuskus i wymieszać. Przykryć i zostawić na 5 minut do namoczenia. Zdjąć pokrywę i wymieszać kuskus widelcem, dodać cukinię, w razie potrzeby doprawić solą i pierzem, wymieszać. Przed podaniem połączyć z miętą oraz pokruszonym serem feta. "
57,https://kkpolska.pl/przepis/15/burgery_z_harissa.html,Burgery z harissą," 1. Umieść zmielone mięso wieprzowe w misce i dodaj do niego pastę harissa, posiekaną kolendrę, sodę, sól i pieprz. 2. Całość dokładnie wyrób, łącząc wszystkie składniki. 3. Powstałą masę podziel na 2 części, z każdej uformuj dużego, płaskiego kotleta. 4. Usmaż kotlety na patelni z obu stron do oczekiwanego koloru wysmażenia. 5. Przekrój bułki na pół, włóż na kilka minut do piekarnika i opiecz je. 6. Wnętrze bułek wysmaruj majonezem i ułóż wewnątrz plastry sałaty, pomidora, czerwonej cebuli, a także gotowe mięso.   PORADA! Burgery należy podawać od razu po przygotowaniu. Dobrze komponują się z frytkami i sosem tzatziki bądź sosem chili."
58,https://kkpolska.pl/przepis/90/warzywa_w_chrupiacej_tempurze_.html,Warzywa w chrupiącej tempurze ,"Cukinię i bakłażana oczyścić, pokroić w plastry o grubości 1 cm, które (w zależności od wielkości) przekroić na pół lub na cztery części. Pieczarki, dymkę oczyścić i pokroić na długie kawałki o długości około 6 cm. Następnie przygotować Tempurę według przepisu zaleconego na opakowaniu (ciasto powinno mieć konsystencję gęstszą niż ciasto naleśnikowe). Olej rozgrzać w szerokim rondlu do takiego stopnia, aby po włożeniu drewnianej łyżki ukazały się na niej pęcherzyki. Kawałki warzyw porcjami moczyć w cieście, a następnie smażyć na gorącym oleju, w zależności od wielkości kawałków, przez 3-5 minut, aż będą kruche i nabiorą złocistego koloru. Odsączyć na papierze kuchennym i podawać z sosem sojowym. "
59,https://kkpolska.pl/przepis/45/oryginalne_japonskie_sushi.html,Oryginalne japońskie sushi,"1. Przyrządź ryż tak, aby był odpowiednio kleisty, dokładne wskazówki znajdziesz na opakowaniu. Do ryżu przygotuj sos. 2. Ocet (na 0,5 kg ryżu potrzeba 7 łyżek octu), 3-4 łyżki cukru i szczyptę soli podgrzać aż się rozpuść, ale nie gotuj! Tak przygotowany sos dodaj do ryżu. Należy pamiętać o wystudzeniu składników przed zawijaniem Maki. 3. Na bambusowej macie rozłóż kawałek alg Nori, błyszczącą stroną do dołu. Na środku alg połóż garść ryżu i rozprowadź ok. 0,5 cm warstwę. na górze zostaw 3 cm wolnego miejsca, aby później dobrze zrolować algi. 4. Wybierz swoje ulubione składniki do sushi (ryby, owoce morza, warzywa). Ilość rodzajów sushi i możliwości sprawiają, że każdy znajdzie coś dla siebie. Umieść składniki na ryżu ok. 3 cm od dołu w poprzek alg. 5. Palcami wskazującym, środkowym i serdecznym przytrzymujemy wypełnienie, a kciukami zaczynamy zawijać matę bambusową. Kiedy całe wypełnienie jest już zakryte palce przenosimy na krawędź maty i zaczynamy zawijać matę razem z sushi, podwijamy ją trochę, znów zwijamy kawałek i znów podwijam matę. W ten sposób zawijamy cały rulon. Po zawinięciu ściskamy jeszcze lekko matę, żeby równomiernie rozprowadzić ryż i wypełnienie. 6. Weź ostry nóż. Zawinięte w rulon sushi kroimy na odpowiednie kawałki. 7. Do małych miseczek dodaj sos sojowy i pastę wasabi oraz marynowany imbir. Pałeczkami chwytamy kawałek sushi i maczamy w sosie. Imbir podajemy przy serwowaniu różnych typów sushi, aby oczyścić kubki smakowe."
60,https://kkpolska.pl/przepis/116/makaron_ryzowy_z_lososiem_i_pasta_miso_.html,Makaron ryżowy z łososiem i pastą Miso ,"1. Łososia pokroić na małe około 2 cm kawałki. Przygotować makaron ryżowy zgodnie z instrukcją na opakowaniu, pokroić na mniejsze kawałki. 2. Na patelni lub w woku podgrzać olej, dodać papryczkę chili, tarty imbir, sezam i chwilę smażyć. 3. Zmniejszyć ogień do minimum, dodać pastę miso, sos sojowy, skórkę z całej limonki i sok z połowy limonki oraz cukier. 4. Mieszając podgrzewać na niezbyt dużym ogniu przez około minutę. 5. Dodać kawałki łososia i obsmażyć je z każdej strony (około 2 minuty). 6. Włożyć makaron, skropić olejem sezamowym. 7. Podgrzać, posypać szczypiorkiem i kolendrą, skropić resztą limonki. "
61,https://kkpolska.pl/przepis/89/krewetki_w_chrupiacej_tempurze_.html,Krewetki w chrupiącej tempurze ,"Krewetki należy obrać z pancerzy, oczyścić, delikatnie naciąć w poprzek, doprawić solą. Następnie przygotować Tempurę według przepisu zaleconego na opakowaniu (ciasto powinno mieć konsystencję gęstszą niż ciasto naleśnikowe). Na dużej, głębokiej patelni rozgrzać olej kokosowy. Krewetki obtoczyć w mące pszennej, a następnie zanurzyć w przygotowanym cieście. Krewetki smażyć partiami na głębokim, rozgrzanym oleju.  Po każdej usmażonej partii krewetek zebrać łyżką cedzakową zanieczyszczenia w tłuszczu. "
62,https://kkpolska.pl/przepis/10/tom_yum_-_ostro-kwa%C5%9Bna_zupa_tajska.html,Tom Yum - ostro-kwaśna zupa tajska,"1. 800 ml zupy Tom Yum oraz 280 g odsączonych pędów bambusa włożyć do garnka, dodać 300 ml mleczka kokosowego. 2. Następnie wrzucić grzyby Shiitake (jeśli są drobne - włożyć w całości, większe kawałki - pokroić pionowo w ćwiartki). 3. Podgrzewając całość, dodać (w zależności od wybranej wersji zupy) krewetki albo pokrojoną drobno pierś z kurczaka albo kawałki łososia. 4. Gotować kilka minut. 5. Makaron przyrządzać wg sposobu podanego na opakowaniu. 6. Połączyć zupę z makaronem w głębokich miseczkach."
63,https://kkpolska.pl/przepis/113/panna_cotta_kokosowa.html,Panna cotta kokosowa,"Do filiżanki wsypać żelatynę, dodać ciepłą wodę, wymieszać i odstawić na 5 minut. Do rondelka wlać mleczko kokosowe, dodać cukier, rum, białe wino, całość wymieszać i podgrzewać na małym ogniu, mieszając do momentu, aż cukier się rozpuści. Odstawić z ognia, gdy śmietanka będzie bardzo ciepła, ale nie zagotowana. Dodać namoczoną żelatynę i mieszać przez około 3 minuty, aż żelatyna całkowicie się rozpuści. Wlać do 4 małych filiżanek lub kieliszków, ostudzić i wstawić do lodówki na około 2 - 3 godziny, aż krem stężeje. "
64,https://kkpolska.pl/przepis/159/pudding_czekoladowo_-_ryzowy_.html,Pudding czekoladowo - ryżowy ,"W dużym rondlu podgrzać mleko z cukrem. Gdy zacznie wrzeć, dodać ryż i gotować pod przykryciem około 25 minut, aż zmięknie i wchłonie mleko. Od czasu do czasu mieszać i pilnować, żeby ryż się nie przypalił. W zależności od rodzaju ryżu podczas gotowania może zaistnieć potrzeba dodania więcej mleka lub odlania go. Dodać ¾ grubo startej czekolady oraz cynamon. Mieszać, aż czekolada całkiem się rozpuści. Tak przygotowany pudding rozdzielić na porcje. Każdą posypać resztą startej czekolady.  Podawać na ciepło.  "
65,https://kkpolska.pl/przepis/110/owsianka_kokosowa_z_malinami_.html,Owsianka kokosowa z malinami ,"Płatki owsiane wsypać do garnka i zalać zimną wodą, wymieszać i wylać mętną wodę, czynność powtórzyć jeszcze 2 - 3 razy do momentu, aż woda będzie czysta bez resztek łusek ziarna. Wlać 1,5 szklanki świeżej wody, dodać wiórki kokosowe i zagotować. Zmniejszyć ogień, przykryć i gotować przez około 10 minut, w międzyczasie kilka razy zamieszać. Zdjąć pokrywę, dodać mleczko kokosowe oraz cukier. Wymieszać i zdjąć z ognia. Nałożyć do miseczek, na wierzchu posypać posiekaną czekoladą i malinami. "
66,https://kkpolska.pl/przepis/11/zolta_pasta_curry_z_miesem_drobiowym.html,Żółta pasta curry z mięsem drobiowym,"1. Mięso drobiowe pokroić w plastry i obsmażyć na rozgrzanym woku tak, by nabrało złocistego koloru. 2. Dodać żółtą pastę curry i wymieszać z mięsem. 3. Następnie dodać wodę, wcześniej ugotowane, pokrojone w drobną kostkę ziemniaki, posiekaną cebulę oraz mleczko kokosowe i ponownie zagotować. 4. Gotowe danie udekorować liśćmi bazylii oraz papryką chili. 5. Danie można podawać z ryżem, makaronem ryżowym lub z makaronem sojowym."
67,https://kkpolska.pl/przepis/99/kokosowy_pudding_z_tapioki_z_malinami_.html,Kokosowy pudding z tapioki z malinami ,"1. Tapiokę przesypać do garnuszka, zalać mlekiem kokosowym i mlekiem zwykłym, odstawić na 1 godzinę.  2. Po tym czasie dodać do niej cukier, wanilię i zagotować (gotować, mieszając od czasu do czasu by budyń nie przywarł). 3. Gotować do czasu, aż kuleczki tapioki zmiękną i staną się przezroczyste (około 5 - 10 minut). 4. Następnie przelać do pucharków, odstawić do stężenia. 5. Podawać z konfiturą malinową ułożoną na wierzchu puddingu. "
